{"cameraMode":{"drawMode":0,"name":"Shaded","section":"Shading Mode"},"sceneLighting":true,"audioPlay":false,"sceneViewState":{"showFog":true,"showMaterialUpdate":false,"showSkybox":true,"showFlares":true,"showImageEffects":true,"showParticleSystems":true},"in2DMode":false,"pivot":{"x":274.50909423828127,"y":-50.1995849609375,"z":160.30569458007813},"rotation":{"x":0.27527716755867007,"y":0.603296160697937,"z":-0.2335241436958313,"w":0.7112061381340027},"size":370.3034362792969,"orthographic":false}