{"cameraMode":{"drawMode":0,"name":"Shaded","section":"Shading Mode"},"sceneLighting":false,"audioPlay":false,"sceneViewState":{"showFog":true,"showMaterialUpdate":false,"showSkybox":false,"showFlares":true,"showImageEffects":true,"showParticleSystems":true},"in2DMode":false,"pivot":{"x":-5.985618591308594,"y":2.5028038024902345,"z":-2.09782338142395},"rotation":{"x":0.002711899345740676,"y":0.9679112434387207,"z":-0.25108030438423159,"w":0.010454659350216389},"size":17.85856819152832,"orthographic":false}